"CustomerKey","Title","FirstName","LastName","FullName","CompanyName"
1,"Mr.","Orlando","Gee","Orlando Gee","A Bike Store"
2,"Mr.","Keith","Harris","Keith Harris","Progressive Sports"
3,"Ms.","Donna","Carreras","Donna Carreras","Advanced Bike Components"
4,"Ms.","Janet","Gates","Janet Gates","Modular Cycle Systems"
5,"Mr.","Lucy","Harrington","Lucy Harrington","Metropolitan Sports Supply"
6,"Ms.","Rosmarie","Carroll","Rosmarie Carroll","Aerobic Exercise Company"
7,"Mr.","Dominic","Gash","Dominic Gash","Associated Bikes"
10,"Ms.","Kathleen","Garza","Kathleen Garza","Rural Cycle Emporium"
11,"Ms.","Katherine","Harding","Katherine Harding","Sharp Bikes"
12,"Mr.","Johnny","Caprio","Johnny Caprio","Bikes and Motorbikes"
16,"Mr.","Christopher","Beck","Christopher Beck","Bulk Discount Store"
18,"Mr.","David","Liu","David Liu","Catalog Store"
19,"Mr.","John","Beaver","John Beaver","Center Cycle Shop"
20,"Ms.","Jean","Handley","Jean Handley","Central Discount Store"
21,"NULL","Jinghao","Liu","Jinghao Liu","Chic Department Stores"
22,"Ms.","Linda","Burnett","Linda Burnett","Travel Systems"
23,"Mr.","Kerim","Hanif","Kerim Hanif","Bike World"
24,"Mr.","Kevin","Liu","Kevin Liu","Eastside Department Store"
25,"Mr.","Donald","Blanton","Donald Blanton","Coalition Bike Company"
28,"Ms.","Jackie","Blackwell","Jackie Blackwell","Commuter Bicycle Store"
29,"Mr.","Bryan","Hamilton","Bryan Hamilton","Cross-Country Riding Supplies"
30,"Mr.","Todd","Logan","Todd Logan","Cycle Merchants"
34,"Ms.","Barbara","German","Barbara German","Cycles Wholesaler & Mfg."
37,"Mr.","Jim","Geist","Jim Geist","Two Bike Shops"
38,"Ms.","Betty","Haines","Betty Haines","Finer Mart"
39,"Ms.","Sharon","Looney","Sharon Looney","Fitness Hotel"
40,"Mr.","Darren","Gehring","Darren Gehring","Journey Sporting Goods"
41,"Ms.","Erin","Hagens","Erin Hagens","Distant Inn"
42,"Mr.","Jeremy","Los","Jeremy Los","Healthy Activity Store"
43,"Ms.","Elsa","Leavitt","Elsa Leavitt","Frugal Bike Shop"
46,"Mr.","David","Lawrence","David Lawrence","Gear-Shift Bikes Limited"
47,"Ms.","Hattie","Haemon","Hattie Haemon","Greater Bike Store"
48,"Ms.","Anita","Lucerne","Anita Lucerne","Grand Industries"
52,"Ms.","Rebecca","Laszlo","Rebecca Laszlo","Instruments and Parts Company"
55,"Mr.","Eric","Lang","Eric Lang","Kickstands and Accessories Company"
56,"Mr.","Brian","Groth","Brian Groth","Latest Accessories Sales"
57,"Ms.","Judy","Lundahl","Judy Lundahl","Leading Sales & Repair"
58,"Mr.","Peter","Kurniawan","Peter Kurniawan","Largest Bike Store"
59,"Mr.","Douglas","Groncki","Douglas Groncki","Locks Company"
60,"Mr.","Sean","Lunt","Sean Lunt","Main Bicycle Services"
61,"Mr.","Jeffrey","Kurtz","Jeffrey Kurtz","Many Bikes Store"
64,"Mr.","Vamsi","Kuppa","Vamsi Kuppa","Metal Clearing House"
65,"Ms.","Jane","Greer","Jane Greer","Metro Manufacturing"
66,"Mr.","Alexander","Deborde","Alexander Deborde","Neighborhood Store"
70,"Mr.","Deepak","Kumar","Deepak Kumar","Outdoor Aerobic Systems Company"
73,"Ms.","Margaret","Krupka","Margaret Krupka","Outdoor Sports Supply"
74,"Mr.","Christopher","Bright","Christopher Bright","Parcel Express Delivery Service"
75,"Ms.","Aidan","Delaney","Aidan Delaney","Paint Supply"
76,"Mr.","James","Krow","James Krow","Out-of-the-Way Hotels"
77,"Mr.","Michael","Brundage","Michael Brundage","Mechanical Products Ltd."
78,"Mr.","Stefan","Delmarco","Stefan Delmarco","Preferred Bikes"
79,"Mr.","Mitch","Kennedy","Mitch Kennedy","Reasonable Bicycle Sales"
82,"Mr.","James","Kramer","James Kramer","Refined Department Stores"
83,"Mr.","Eric","Brumfield","Eric Brumfield","Requisite Part Supply"
84,"Ms.","Della","Demott Jr","Della Demott Jr","Rewarding Activities Company"
88,"Ms.","Pamala","Kotc","Pamala Kotc","Closest Bicycle Store"
91,"Ms.","Joy","Koski","Joy Koski","Scooters and Bikes Store"
92,"Ms.","Jovita","Carmody","Jovita Carmody","Sports Commodities"
93,"Mr.","Prashanth","Desai","Prashanth Desai","Stationary Bikes and Stands"
94,"Mr.","Scott","Konersmann","Scott Konersmann","Specialty Sports Store"
95,"Ms.","Jane","Carmichael","Jane Carmichael","Rural Department Store"
96,"Ms.","Bonnie","Lepro","Bonnie Lepro","More Bikes!"
97,"Mr.","Eugene","Kogan","Eugene Kogan","Mountain Bike Center"
100,"Mr.","Kirk","King","Kirk King","Up-To-Date Sports"
101,"Mr.","William","Conner","William Conner","Urban Sports Emporium"
102,"Ms.","Linda","Leste","Linda Leste","National Manufacturing"
106,"Ms.","Andrea","Thomsen","Andrea Thomsen","West Side Mart"
109,"Mr.","Daniel","Thompson","Daniel Thompson","Travel Sports"
110,"Ms.","Kendra","Thompson","Kendra Thompson","Vintage Sport Boutique"
111,"Mr.","Scott","Colvin","Scott Colvin","Westside Cycle Store"
112,"Ms.","Elsie","Lewin","Elsie Lewin","Town Industries"
113,"Mr.","Donald","Thompson","Donald Thompson","Trendy Department Stores"
114,"Mr.","John","Colon","John Colon","Two Wheels Cycle Store"
115,"Mr.","George","Li","George Li","Security Racks and Locks Wholesalers"
118,"Mr.","Yale","Li","Yale Li","Rapid Bikes"
119,"Ms.","Phyllis","Thomas","Phyllis Thomas","Red Bicycle Company"
120,"Mr.","Pat","Coleman","Pat Coleman","Machines & Cycles Store"
124,"Ms.","Yuhong","Li","Yuhong Li","Nearby Sporting Goods"
127,"Mr.","Joseph","Lique","Joseph Lique","Front Sporting Goods"
128,"Ms.","Judy","Thames","Judy Thames","Demand Distributors"
129,"Ms.","Connie","Coffman","Connie Coffman","Discount Bicycle Specialists"
130,"Mr.","Paulo","Lisboa","Paulo Lisboa","Elite Bikes"
131,"Ms.","Vanessa","Tench","Vanessa Tench","Eighth Bike Store"
132,"Ms.","Teanna","Cobb","Teanna Cobb","Another Sporting Goods Company"
133,"Mr.","Michael","Graff","Michael Graff","Commercial Sporting Goods"
136,"Mr.","Derek","Graham","Derek Graham","Wholesale Parts"
137,"NULL","Gytis","Barzdukas","Gytis Barzdukas","Transportation Options"
138,"Ms.","Jane","Clayton","Jane Clayton","South Bike Company"
142,"Mr.","Jon","Grande","Jon Grande","Riding Cycles"
145,"Mr.","Ted","Bremer","Ted Bremer","Raw Materials Inc"
146,"Mr.","Richard","Bready","Richard Bready","Latest Sports Equipment"
147,"Ms.","Alice","Clark","Alice Clark","Local Hardware Factory"
148,"Mr.","Alan","Brewer","Alan Brewer","Lots of Bikes Storehouse"
149,"Mr.","Cornelius","Brandon","Cornelius Brandon","Initial Bike Company"
150,"Ms.","Jill","Christie","Jill Christie","Fleet Bikes"
151,"Mr.","Walter","Brian","Walter Brian","Futuristic Bikes"
154,"Mr.","Carlton","Carlisle","Carlton Carlisle","Camping and Sports Store"
155,"Mr.","Joseph","Castellucio","Joseph Castellucio","Corner Bicycle Supply"
156,"Mr.","Lester","Bowman","Lester Bowman","Metal Processing Company"
160,"Ms.","Brigid","Cavendish","Brigid Cavendish","Vigorous Sports Store"
163,"Mr.","Andrew","Cencini","Andrew Cencini","Sports Merchandise"
164,"Ms.","Cindy","Dodd","Cindy Dodd","Suburban Cycle Shop"
165,"Mr.","Randall","Boseman","Randall Boseman","Third Bike Store"
166,"Ms.","Stacey","Cereghino","Stacey Cereghino","Fitness Toy Store"
167,"Mr.","Blaine","Dockter","Blaine Dockter","Farthermost Bike Shop"
168,"Sr.","Luis","Bonifaz","Luis Bonifaz","Economy Bikes Company"
169,"Ms.","Brenda","Diaz","Brenda Diaz","Downtown Hotel"
172,"Ms.","Gabriele","Dickmann","Gabriele Dickmann","Certified Sports Supply"
173,"Mr.","Rudolph","Dillon","Rudolph Dillon","Sundry Sporting Goods"
174,"Mr.","Michael","Bohling","Michael Bohling","Toy Manufacturing Inc"
178,"Mr.","Dick","Dievendorff","Dick Dievendorff","Rampart Amusement Company"
180,"Ms.","Nicky","Chesnut","Nicky Chesnut","Full-Service Bike Store"
181,"Mr.","Michael","Lee","Michael Lee","Family Entertainment Center"
182,"Mr.","Stanley","Alan","Stanley Alan","Another Bicycle Company"
183,"Mr.","Yao-Qiang","Cheng","Yao-Qiang Cheng","This Area Sporting Goods"
184,"Ms.","Marjorie","Lee","Marjorie Lee","Go-cart and Bike Specialists"
185,"Mr.","Sandeep","Kaliyath","Sandeep Kaliyath","Weekend Bike Tours"
186,"Mr.","Pei","Chow","Pei Chow","Thrilling Bike Tours"
187,"Mr.","Frank","Campbell","Frank Campbell","Trailblazing Sports"
190,"Mr.","Mark","Lee","Mark Lee","Racing Partners"
191,"Ms.","Sandra","Kitt","Sandra Kitt","Non-Slip Pedal Company"
192,"Mr.","Hao","Chen","Hao Chen","Nuts and Bolts Mfg."
196,"Ms.","Jolie","Lenehan","Jolie Lenehan","Exhibition Showroom"
197,"Ms.","Diane","Krane","Diane Krane","Fabrikam Inc., West"
198,"Mr.","Payton","Benson","Payton Benson","Field Trip Inc"
199,"Mr.","Roger","Lengel","Roger Lengel","Authorized Bike Sales and Rental"
200,"Ms.","Peggy","Justice","Peggy Justice","Basic Bike Company"
201,"Ms.","Edna","Benson","Edna Benson","Unsurpassed Bikes"
202,"NULL","A.","Leonetti","A. Leonetti","Two-Seater Bikes"
203,"Ms.","Jean","Jordan","Jean Jordan","Separate Parts Corporation"
204,"Mr.","Ido","Ben-Sachar","Ido Ben-Sachar","Traction Tire Company"
205,"Mr.","Frank","Martinez","Frank Martinez","Rally Master Company Inc"
208,"Mr.","Steve","Masters","Steve Masters","Professional Cyclists"
209,"Mr.","Robert","Jones","Robert Jones","Purple Bicycle Company"
210,"Mr.","Josh","Barnhill","Josh Barnhill","Gasless Cycle Shop"
214,"Ms.","Jennifer","Maxham","Jennifer Maxham","Exclusive Bicycle Mart"
217,"Mr.","Chris","Maxwell","Chris Maxwell","City Manufacturing"
218,"Mr.","David","Johnson","David Johnson","Sure & Reliable Sporting Goods"
219,"Mr.","Brian","Johnson","Brian Johnson","Extras Sporting Goods"
220,"Mr.","Robert","Brown","Robert Brown","Best o' Bikes"
221,"Ms.","Sandra","Maynard","Sandra Maynard","Bike Dealers Association"
222,"Mr.","Barry","Johnson","Barry Johnson","Sample Bike Store"
223,"Ms.","Joyce","Jarvis","Joyce Jarvis","Paints and Solvents Company"
226,"Ms.","Vance","Johns","Vance Johns","Leisure Activities"
227,"Ms.","Robin","McGuigan","Robin McGuigan","Health Spa, Limited"
228,"Ms.","Danielle","Johnson","Danielle Johnson","Home Town Bike Store"
232,"Mr.","David","Jaffe","David Jaffe","Exceptional Cycle Services"
235,"Ms.","Mary","Alexander","Mary Alexander","Certified Bicycle Supply"
236,"Ms.","Lola","McCarthy","Lola McCarthy","Closeout Boutique"
237,"Ms.","Mary","Browning","Mary Browning","Client Discount Store"
238,"Ms.","Jodan","Jacobson","Jodan Jacobson","A Great Bicycle Company"
239,"Ms.","Jane","McCarty","Jane McCarty","Bicycle Merchandise Warehouse"
240,"Mr.","Jessie","Valerio","Jessie Valerio","Wire Baskets and Parts"
241,"Mr.","Eric","Jacobsen","Eric Jacobsen","Vale Riding Supplies"
244,"Mr.","Bronson","Jacobs","Bronson Jacobs","Retail Discount Store"
245,"Mr.","James","McCoy","James McCoy","Leather Seat Factory"
246,"Ms.","Esther","Valle","Esther Valle","Large Bike Shop"
250,"Ms.","Denean","Ison","Denean Ison","Express Bike Services"
253,"Mr.","Erik","Ismert","Erik Ismert","Roving Sports"
254,"Mr.","Robert","Bernacchi","Robert Bernacchi","Safe Cycles Shop"
255,"Mr.","Sunil","Uppal","Sunil Uppal","Swift Cycles"
256,"Mr.","Richard","Irwin","Richard Irwin","Rental Bikes"
257,"Mr.","Matthias","Berndt","Matthias Berndt","Number 1 Supply"
258,"Mr.","Sairaj","Uddin","Sairaj Uddin","Quantity Discounts"
259,"Mr.","Lucio","Iallo","Lucio Iallo","Highway Bike Shop"
262,"Ms.","Beth","Inghram","Beth Inghram","General Industries"
263,"Mr.","Timothy","Burnett","Timothy Burnett","Farthest Bike Store"
264,"Ms.","Phyllis","Tuffield","Phyllis Tuffield","Fasteners & Bolts Outlet"
268,"Mr.","Richard","Byham","Richard Byham","Channel Outlet"
271,"Mr.","Jared","Bustamante","Jared Bustamante","Alternative Vehicles"
272,"Mr.","Henry","Campen","Henry Campen","Metro Cycle Shop"
273,"Ms.","Christie","Trujillo","Christie Trujillo","A Typical Bike Shop"
274,"Ms.","Janet","Gilliat","Janet Gilliat","Active Systems"
275,"Mr.","Chris","Cannon","Chris Cannon","Outdoor Sporting Goods"
276,"Mr.","Michael John","Troyer","Michael John Troyer","Thrifty Parts and Sales"
277,"Mr.","Guy","Gilbert","Guy Gilbert","The Bicycle Accessories Company"
280,"Mr.","Frances","Giglio","Frances Giglio","Standard Bikes"
281,"Ms.","Suzana De Abreu","Canuto","Suzana De Abreu Canuto","Petroleum Products Distributors"
282,"Mr.","Billy","Trent","Billy Trent","Quick Parts and Service"
286,"Mr.","Leo","Giakoumakis","Leo Giakoumakis","Number One Bike Co."
287,"Mr.","Grant","Culbertson","Grant Culbertson","Handy Bike Services"
288,"Mr.","Robert","Barker","Robert Barker","Kickstand Sellers"
289,"Ms.","Gabriel","Bockenkamp","Gabriel Bockenkamp","Moderately-Priced Bikes Store"
290,"Mr.","Scott","Culp","Scott Culp","Friendly Bike Shop"
291,"Mr.","Wayne","Banack","Wayne Banack","Grand Bicycle Stores"
292,"Mr.","Michael","Blythe","Michael Blythe","Grease and Oil Products Company"
293,"Mr.","Conor","Cunningham","Conor Cunningham","Fashionable Bikes and Accessories"
294,"Mr.","Alberto","Baltazar","Alberto Baltazar","Flawless Bike Shop"
295,"Mr.","Joseph","Mitzner","Joseph Mitzner","Engineered Bike Systems"
298,"Mr.","Robert","Mitosinka","Robert Mitosinka","City Cycling"
299,"Mr.","Thierry","D'Hers","Thierry D'Hers","Citywide Service and Repair"
300,"Mr.","Daniel","Blanco","Daniel Blanco","Nice Bikes"
304,"Ms.","Linda","Mitchell","Linda Mitchell","Essential Bike Works"
306,"Mr.","Stephen","Ayers","Stephen Ayers","Work and Play Association"
307,"Ms.","Neva","Mitchell","Neva Mitchell","Riding Associates"
308,"Ms.","Megan","Davis","Megan Davis","Rugged Bikes"
309,"Mr.","John","Arthur","John Arthur","The Gear Store"
310,"Mr.","Frank","Miller","Frank Miller","Orange Bicycle Company"
311,"Sr.","Alvaro","De Matos Miranda Filho","Alvaro De Matos Miranda Filho","Principal Bike Company"
312,"Mr.","Thomas","Armstrong","Thomas Armstrong","Resale Services"
313,"Mr.","Dylan","Miller","Dylan Miller","Metropolitan Manufacturing"
316,"Mr.","Ben","Miller","Ben Miller","Low Price Cycles"
317,"Mr.","Jacob","Dean","Jacob Dean","Finer Riding Supplies"
318,"Ms.","Ann","Beebe","Ann Beebe","First-Rate Outlet"
322,"Mr.","Matthew","Miller","Matthew Miller","Tachometers and Accessories"
323,"Mr.","Jo","Brown","Jo Brown","Metro Bike Works"
325,"Ms.","Virginia","Miller","Virginia Miller","All Cycle Shop"
326,"Mr.","Scott","Gode","Scott Gode","Year-Round Sports"
327,"Ms.","Caroline","Vicknair","Caroline Vicknair","World of Bikes"
328,"Mr.","Robert","Vessa","Robert Vessa","Totes & Baskets Company"
329,"NULL","Andreas","Berglund","Andreas Berglund","Unicycles, Bicycles, and Tricycles"
330,"Mr.","Mete","Goktepe","Mete Goktepe","The New Bike Store"
331,"Ms.","Wanda","Vernon","Wanda Vernon","Technical Parts Manufacturing"
334,"Ms.","Dora","Verdad","Dora Verdad","Retreat Inn"
335,"Mr.","John","Berger","John Berger","Scratch-Resistant Finishes Company"
336,"Mr.","Brian","Goldstein","Brian Goldstein","Primary Bike Distributors"
340,"Mr.","Raja","Venugopal","Raja Venugopal","Nearby Cycle Shop"
343,"Ms.","Patricia","Vasquez","Patricia Vasquez","Mail-Order Outlet"
344,"Ms.","Karren","Burkhardt","Karren Burkhardt","Fifth Bike Store"
345,"Ms.","Abigail","Gonzalez","Abigail Gonzalez","Genial Bike Associates"
346,"Mr.","Ranjit","Varkey Chudukatil","Ranjit Varkey Chudukatil","Great Bicycle Supply"
347,"Ms.","Ingrid","Burkhardt","Ingrid Burkhardt","Bike Universe"
348,"Mr.","Oscar","Alpuerto","Oscar Alpuerto","Bold Bike Accessories"
349,"Mr.","Gary","Vargas","Gary Vargas","Exercise Center"
352,"Mr.","Shane","Kim","Shane Kim","Twelfth Bike Store"
353,"Ms.","Joan","Campbell","Joan Campbell","Two-Wheeled Transit Company"
354,"Mr.","Maxwell","Amland","Maxwell Amland","Serious Cycles"
358,"Mr.","Joe","Kim","Joe Kim","Mail Market"
360,"Ms.","Ramona","Antrim","Ramona Antrim","Novelty Bikes"
361,"Ms.","Karan","Khanna","Karan Khanna","Fitness Supplies"
362,"Ms.","Sharon","Crow","Sharon Crow","Grand Cycle Store"
363,"Mr.","Chris","Ashton","Chris Ashton","Immense Manufacturing Company"
364,"Mr.","Imtiaz","Khan","Imtiaz Khan","District Mall"
365,"Mr.","Jack","Creasey","Jack Creasey","Distinctive Store"
366,"Ms.","Teresa","Atkinson","Teresa Atkinson","Extended Bike Sales"
367,"Ms.","Tammy","Khan","Tammy Khan","Brown Bicycle Company"
370,"Ms.","Elizabeth","Keyser","Elizabeth Keyser","Acceptable Sales & Service"
371,"Mr.","Bruno","Costa Da Silva","Bruno Costa Da Silva","Custom Sales and Service"
372,"Ms.","Katherine","Swan","Katherine Swan","Top Bike Market"
376,"Ms.","Mary","Kesslep","Mary Kesslep","Commerce Bicycle Specialists"
377,"Mr.","Marlin","Coriell","Marlin Coriell","Grand Sport Boutique"
379,"Mr.","Kevin","Kennedy","Kevin Kennedy","Fad Outlet"
380,"Ms.","Eva","Corets","Eva Corets","First Department Stores"
381,"Ms.","Julie","Taft-Rider","Julie Taft-Rider","Bicycle Lines Distributors"
382,"Mr.","Robert","Kelly","Robert Kelly","Beneficial Exercises and Activities"
383,"Mr.","Scott","Cooper","Scott Cooper","Vehicle Shop"
384,"Mr.","Clarence","Tatman","Clarence Tatman","Sparkling Paint and Finishes"
385,"Mr.","John","Kelly","John Kelly","Sturdy Toys"
388,"Mr.","Victor","Kelley","Victor Kelley","Road Way Sales and Rental"
389,"Ms.","Dorothy","Contreras","Dorothy Contreras","Sixth Bike Store"
390,"Mr.","Mike","Taylor","Mike Taylor","Plastic Parts Company"
394,"Ms.","Bonnie","Kearney","Bonnie Kearney","Little Sports Center"
395,"Ms.","June","Brunner","June Brunner","Online Bike Sellers"
397,"Mr.","Sandeep","Katyal","Sandeep Katyal","Capable Sales and Service"
398,"Ms.","Shirley","Bruner","Shirley Bruner","Commendable Bikes"
399,"Mr.","Chad","Tedford","Chad Tedford","Big Cycle Mall"
400,"Mr.","Peter","Houston","Peter Houston","Local Sales and Rental"
401,"Mr.","Tom","Johnston","Tom Johnston","Brightwork Company"
402,"Ms.","Marian","Berch","Marian Berch","Pro Sporting Goods"
403,"Ms.","Juanita","Holman","Juanita Holman","Affordable Sports Equipment"
406,"Mr.","Eddie","Holmes","Eddie Holmes","The Commissary"
407,"Mr.","Robert","Avalos","Robert Avalos","Workout Emporium"
408,"Mr.","Alexander","Berger","Alexander Berger","Odometers and Accessories Company"
412,"Ms.","Jean","Holloway","Jean Holloway","Leisure Clearing House"
415,"Mr.","Greg","Chapman","Greg Chapman","Imaginary Toys"
416,"Ms.","Angela","Barbariol","Angela Barbariol","Impromptu Trips"
417,"Ms.","Ruth","Choin","Ruth Choin","Genuine Bike Shop"
418,"Mr.","Lee","Chapla","Lee Chapla","Good Bike Shop"
419,"Mr.","Darrell","Banks","Darrell Banks","Exertion Activities Club"
420,"Mr.","Anthony","Chor","Anthony Chor","Extreme Riding Supplies"
421,"Mr.","Forrest","Chandler","Forrest Chandler","Fitness Cycling"
424,"Mr.","Eli","Bowen","Eli Bowen","Bikes for Two"
425,"Mr.","Stephen","Jiang","Stephen Jiang","Bikes for Kids and Adults"
426,"Mr.","Dirk","Bruno","Dirk Bruno","Custom Accessories Company"
430,"Sr.","Gustavo","Camargo","Gustavo Camargo","Uttermost Bike Shop"
431,"Mr.","Douglas","Baldwin","Douglas Baldwin","Small Cycle Store"
433,"Ms.","Lindsey","Camacho","Lindsey Camacho","Thorough Parts and Repair Services"
434,"Mr.","James","Bailey","James Bailey","Road-Way Mart"
435,"Ms.","Carol","Elliott","Carol Elliott","Satin Finish Company"
436,"Ms.","Barbara","Calone","Barbara Calone","Sheet Metal Manufacturing"
437,"Ms.","Megan","Burke","Megan Burke","Professional Cycle Store"
438,"Mr.","Cory","Booth","Cory Booth","Remarkable Bike Store"
439,"Ms.","Shannon","Elliott","Shannon Elliott","Regional Manufacturing"
442,"Ms.","Jauna","Elson","Jauna Elson","Original Bicycle Supply Company"
443,"Sra.","Janaina Barreiro Gambaro","Bueno","Janaina Barreiro Gambaro Bueno","Courteous Bicycle Specialists"
444,"Mr.","Shaun","Beasley","Shaun Beasley","Finer Cycle Shop"
448,"Mr.","Terry","Eminhizer","Terry Eminhizer","Action Bicycle Specialists"
451,"Mr.","John","Emory","John Emory","Roadway Bike Emporium"
452,"Ms.","Olga","Trau","Olga Trau","A Cycle Shop"
453,"Mr.","Jon","Ganio","Jon Ganio","Unique Bikes"
454,"Ms.","Gail","Erickson","Gail Erickson","Sleek Bikes "
455,"Mr.","James","Tran","James Tran","Timely Shipping Service"
456,"Mr.","Michael","Galos","Michael Galos","Riding Excursions"
457,"Mr.","Mark","Erickson","Mark Erickson","Retail Sporting Equipment"
460,"Ms.","Martha","Espinoza","Martha Espinoza","Price-Cutter Discount Bikes"
461,"Mr.","Glenn","Track","Glenn Track","Active Life Toys"
462,"Mr.","Bob","Gage","Bob Gage","General Riding Supplies"
466,"Sra.","Janeth","Esteves","Janeth Esteves","Central Bicycle Specialists"
468,"Mr.","Paul","Fulton","Paul Fulton","Blue Bicycle Company"
469,"Ms.","Twanna","Evans","Twanna Evans","Vast Bike Sales and Rental"
470,"Ms.","Delia","Toone","Delia Toone","Wingtip Toys"
471,"Mr.","John","Ford","John Ford","Social Activities Club"
472,"Ms.","Ann","Evans","Ann Evans","Summer Sports Place"
473,"Ms.","Kay","Krane","Kay Krane","Racing Toys"
474,"Mr.","Mihail","Frintu","Mihail Frintu","Retail Cycle Shop"
475,"Mr.","John","Evans","John Evans","Real Sporting Goods"
478,"Ms.","Ruby Sue","Styles","Ruby Sue Styles","Major Cycling"
479,"Ms.","Lori","Kane","Lori Kane","General Supplies"
480,"Ms.","Susan","French","Susan French","General Bike Corporation"
484,"Mr.","Gary","Suess","Gary Suess","Downhill Bicycle Specialists"
487,"Ms.","Ruth","Suffin","Ruth Suffin","Bike Experts"
488,"Ms.","Margaret","Smith","Margaret Smith","Bicycle Accessories and Kits"
489,"Ms.","Dorothy","Fox","Dorothy Fox","Cash & Carry Bikes"
490,"Ms.","Elizabeth","Sullivan","Elizabeth Sullivan","Extraordinary Bike Works"
491,"Ms.","Frances","Adams","Frances Adams","Area Bike Accessories"
492,"Mr.","Garth","Fort","Garth Fort","Basic Sports Equipment"
493,"Mr.","Michael","Sullivan","Michael Sullivan","Valley Bicycle Distributors"
496,"Ms.","Marcia","Sultan","Marcia Sultan","Top Sports Supply"
497,"Ms.","Amy","Alberts","Amy Alberts","Valley Toy Store"
498,"Ms.","Kelly","Focht","Kelly Focht","Quick Delivery Service"
502,"Mr.","Krishna","Sunkammurali","Krishna Sunkammurali","Metropolitan Bicycle Supply"
504,"Ms.","Mae","Black","Mae Black","Historic Bicycle Sales"
505,"Mr.","Brad","Sutton","Brad Sutton","Honest Repair Service"
506,"Mr.","Francois","Ferrier","Francois Ferrier","Great Bikes "
507,"Mr.","Mary","Bishop","Mary Bishop","Global Sporting Goods"
508,"Mr.","Martin","Svoboda","Martin Svoboda","Designer Department Stores"
509,"Mr.","Robert","Ahlering","Robert Ahlering","Fun Toys and Bikes"
510,"Mr.","Jimmy","Bischoff","Jimmy Bischoff","World Bike Discount Store"
511,"Mr.","Abraham","Swearengin","Abraham Swearengin","Wheel Gallery"
514,"Mr.","Ryan","Calafato","Ryan Calafato","Retail Mall"
515,"Mr.","Dragan","Tomic","Dragan Tomic","Rural Bicycle Supply"
516,"Mr.","Thomas","Michaels","Thomas Michaels","Seats and Saddles Company"
520,"Ms.","Mari","Caldwell","Mari Caldwell","Metro Metals Co."
523,"Ms.","Mary","Gimmi","Mary Gimmi","Futuristic Sport Distributors"
526,"Mr.","David","Givens","David Givens","Finer Sales and Service"
527,"Ms.","Diane","Tibbott","Diane Tibbott","Fun Times Club"
528,"Ms.","Helen","Meyer","Helen Meyer","Alpine Ski House"
529,"Ms.","Jeanie","Glenn","Jeanie Glenn","Big-Time Bike Store"
532,"Ms.","Diane","Glimp","Diane Glimp","The Showroom"
533,"Ms.","Yuping","Tian","Yuping Tian","Tenth Bike Store"
534,"Mr.","Stephen","Mew","Stephen Mew","Recommended Bicycles"
538,"Mr.","John","Brooks","John Brooks","Prosperous Tours"
541,"Mr.","Willie","Brooks","Willie Brooks","Nonskid Tire Company"
542,"Mr.","Andrew","Kobylinski","Andrew Kobylinski","Finer Parts Shop"
543,"Mr.","R. Morgan","Mendoza","R. Morgan Mendoza","Friendly Neighborhood Bikes"
544,"Mr.","Jay","Adams","Jay Adams","Valley Bicycle Specialists"
545,"Mr.","Christian","Kleinerman","Christian Kleinerman","Finish and Sealant Products"
546,"Mr.","Anton","Kirilov","Anton Kirilov","Field Trip Store"
547,"Ms.","Gladys","Mendiola","Gladys Mendiola","Curbside Sporting Goods"
550,"Ms.","Raquel","Mello","Raquel Mello","Remote Bicycle Specialists"
551,"Mr.","Samuel","Agcaoili","Samuel Agcaoili","Vinyl and Plastic Goods Corporation"
552,"Mr.","Tim","Kim","Tim Kim","Consolidated Messenger"
556,"Ms.","Nancy","McPhearson","Nancy McPhearson","Variety Cycling"
559,"Ms.","Nkenge","McLin","Nkenge McLin","Some Discount Store"
560,"Mr.","Paul","Alcorn","Paul Alcorn","Major Sport Suppliers"
561,"Mr.","Marvin","Allen","Marvin Allen","Mountain Toy Store"
562,"Ms.","Yvonne","McKay","Yvonne McKay","Practical Bike Supply Company"
563,"Mr.","Sean","Jacobson","Sean Jacobson","Systematic Sales"
564,"Ms.","Michelle","Alexander","Michelle Alexander","Imported and Domestic Cycles"
565,"Mr.","Richard","Bentley","Richard Bentley","Metallic Paint and Overcoat Co"
568,"Mr.","Curtis","Howard","Curtis Howard","Economy Center"
569,"Mr.","Cecil","Allison","Cecil Allison","Designated Distributors"
570,"Mr.","Gregory","Alderson","Gregory Alderson","Family's Favorite Bike Shop"
574,"Ms.","Janice","Hows","Janice Hows","Area Sheet Metal Supply"
577,"Mr.","George","Huckaby","George Huckaby","Synthetic Materials Manufacturing"
578,"Ms.","Carolyn","Farino","Carolyn Farino","The Bike Shop"
579,"Ms.","Kim","Abercrombie","Kim Abercrombie","Riders Company"
580,"Mr.","Joshua","Huff","Joshua Huff","Rural Sales and Service"
581,"Ms.","Geri","Farrell","Geri Farrell","Safe Toys"
582,"Ms.","Catherine","Abel","Catherine Abel","Professional Sales and Service"
583,"Ms.","Laura","Steele","Laura Steele","Professional Containers and Packaging Co."
586,"Ms.","Shanay","Steelman","Shanay Steelman","One Bike Company"
587,"Ms.","Rhoda","Finley","Rhoda Finley","Our Sporting Goods Store"
588,"Mr.","Pat","Chambers","Pat Chambers","General Cycle Storehouse"
592,"Mr.","Stefano","Stefani","Stefano Stefani","Cycling Goods"
595,"Mr.","Alan","Steiner","Alan Steiner","Cycle Clearance"
596,"Ms.","Kathie","Flood","Kathie Flood","Coho Sports"
597,"Mr.","Bob","Hodges","Bob Hodges","All Seasons Sports Supply"
598,"Mr.","Derik","Stenerson","Derik Stenerson","Black Bicycle Company"
599,"Mr.","Raul","Casts","Raul Casts","Westside Plaza"
600,"Ms.","Holly","Holt","Holly Holt","Strenuous Exercise Shop"
601,"Mr.","Vassar","Stern","Vassar Stern","Transport Bikes"
604,"Ms.","Wathalee","Steuber","Wathalee Steuber","Sellers of Cycles"
605,"Mr.","Matthew","Cavallari","Matthew Cavallari","Outstanding Cycles"
606,"Ms.","Helge","Hoeing","Helge Hoeing","Little Bicycle Supply Shop"
607,"Ms.","Alice","Steiner","Alice Steiner","Maintenance and Repair for Bicycles"
608,"Mr.","Steven","Brown","Steven Brown","Golf and Cycle Store"
609,"Mr.","David","Hodgson","David Hodgson","Good Toys"
610,"Ms.","Liza Marie","Stevens","Liza Marie Stevens","Fitness Department Stores"
613,"Mr.","Jim","Stewart","Jim Stewart","Famous Bike Shop"
617,"Ms.","Arlene","Huff","Arlene Huff","Tubeless Tire Company"
620,"Mr.","Matthew","Hunter","Matthew Hunter","Tires and Tubes"
621,"Mr.","Matthew","Hink","Matthew Hink","Running and Cycling Gear"
622,"Mr.","Robert","Stotka","Robert Stotka","Gift and Toy Store"
623,"Ms.","Phyllis","Huntsman","Phyllis Huntsman","Hardware Components"
624,"Mr.","Mike","Hines","Mike Hines","First Cycle Store"
625,"Ms.","Kayla","Stotler","Kayla Stotler","Major Sporting Goods"
626,"Mr.","Lawrence","Hurkett","Lawrence Hurkett","Retail Sporting Goods"
629,"Mr.","Ryan","Ihrig","Ryan Ihrig","Efficient Cycling"
630,"Mr.","Andrew","Hill","Andrew Hill","Eastside Parts Shop"
631,"Mr.","Robert","Lyeba","Robert Lyeba","Tandem Sales and Service"
635,"Mr.","Roger","Van Houten","Roger Van Houten","Sports Store"
637,"Mr.","Robert","Lyon","Robert Lyon","Reliable Retail Center"
641,"Ms.","Rose","Vandenouer","Rose Vandenouer","Extended Tours"
643,"Ms.","Denise","Maccietto","Denise Maccietto","Friendly Bike Shop"
644,"Mr.","Gregory","Vanderbout","Gregory Vanderbout","Convenient Sales and Service"
645,"Mr.","Ronald","Heymsfield","Ronald Heymsfield","Superior Hardware Distributors"
646,"Mr.","Scott","MacDonald","Scott MacDonald","Yellow Bicycle Company"
647,"Mr.","Michael","Vanderhyde","Michael Vanderhyde","Solid Bike Parts"
648,"Ms.","Cheryl","Herring","Cheryl Herring","Small Bike Shop"
649,"Mr.","Walter","Mays","Walter Mays","Sports Products Store"
650,"Ms.","Margaret","Vanderkamp","Margaret Vanderkamp","Permanent Finish Products"
653,"Ms.","Kara","Vanderlinden","Kara Vanderlinden","Mercantile Outlet"
654,"Mr.","Jesus","Hernandez","Jesus Hernandez","Online Bike Warehouse"
655,"Ms.","Irene","Hernandez","Irene Hernandez","Operational Manufacturing"
659,"Mr.","Ajay","Manchepalli","Ajay Manchepalli","Shipping Specialists"
660,"Mr.","Nieves","Vargas","Nieves Vargas","Exhilarating Cycles"
661,"Mr.","Kari","Hensien","Kari Hensien","General Department Stores"
665,"Mr.","Tomas","Manzanares","Tomas Manzanares","Authentic Sales and Service"
668,"Ms.","Kathy","Marcovecchio","Kathy Marcovecchio","Official Parts Shop"
669,"Ms.","Patricia","Doyle","Patricia Doyle","Racing Bike Outlet"
670,"Ms.","Valerie","Hendricks","Valerie Hendricks","First Bike Store"
671,"Ms.","Jill","Markwood","Jill Markwood","Contoso, Ltd."
672,"Mr.","Gerald","Drury","Gerald Drury","Utilitarian Sporting Goods"
673,"Mr.","John","Hanson","John Hanson","Countryside Company"
674,"Ms.","Melissa","Marple","Melissa Marple","Discount Tours"
677,"Ms.","Cecelia","Marshall","Cecelia Marshall","Tire Exchange"
678,"Mr.","Reuben","D'sa","Reuben D'sa","Vigorous Exercise Company"
679,"Ms.","Brenda","Heaney","Brenda Heaney","Superb Sales and Repair"
683,"Ms.","Linda","Martin","Linda Martin","Oils and Fluids Warehouse"
685,"Mr.","James","Haugh","James Haugh","Family Cycle Store"
689,"Ms.","Sandra","Martinez","Sandra Martinez","Consumer Equipment"
692,"Ms.","Bev","Desalvo","Bev Desalvo","Successful Sales Company"
693,"Mr.","Bart","Duncan","Bart Duncan","Stock Parts and Supplies"
694,"Ms.","Ann","Hass","Ann Hass","The Accessories Store"
695,"Mr.","Rob","Caron","Rob Caron","Responsible Bike Dealers"
696,"Mr.","Maciej","Dusza","Maciej Dusza","Roadway Supplies"
697,"Mr.","Roger","Harui","Roger Harui","Brakes and Gears"
698,"Mr.","Andy","Carothers","Andy Carothers","Western Bike Supplies"
701,"Ms.","Linda","Ecoffey","Linda Ecoffey","Future Bikes"
29485,"Ms.","Catherine","Abel","Catherine Abel","Professional Sales and Service"
29486,"Ms.","Kim","Abercrombie","Kim Abercrombie","Riders Company"
29489,"Ms.","Frances","Adams","Frances Adams","Area Bike Accessories"
29490,"Ms.","Margaret","Smith","Margaret Smith","Bicycle Accessories and Kits"
29492,"Mr.","Jay","Adams","Jay Adams","Valley Bicycle Specialists"
29494,"Mr.","Samuel","Agcaoili","Samuel Agcaoili","Vinyl and Plastic Goods Corporation"
29496,"Mr.","Robert","Ahlering","Robert Ahlering","Fun Toys and Bikes"
29497,"Mr.","Francois","Ferrier","Francois Ferrier","Great Bikes "
29499,"Ms.","Amy","Alberts","Amy Alberts","Valley Toy Store"
29502,"Mr.","Paul","Alcorn","Paul Alcorn","Major Sport Suppliers"
29503,"Mr.","Gregory","Alderson","Gregory Alderson","Family's Favorite Bike Shop"
29505,"Ms.","Michelle","Alexander","Michelle Alexander","Imported and Domestic Cycles"
29506,"Mr.","Sean","Jacobson","Sean Jacobson","Systematic Sales"
29508,"Mr.","Marvin","Allen","Marvin Allen","Mountain Toy Store"
29510,"Mr.","Cecil","Allison","Cecil Allison","Designated Distributors"
29511,"Mr.","Oscar","Alpuerto","Oscar Alpuerto","Bold Bike Accessories"
29515,"Mr.","Maxwell","Amland","Maxwell Amland","Serious Cycles"
29517,"Ms.","Ramona","Antrim","Ramona Antrim","Novelty Bikes"
29521,"Mr.","Tom","Johnston","Tom Johnston","Brightwork Company"
29522,"Mr.","Thomas","Armstrong","Thomas Armstrong","Resale Services"
29523,"Mr.","John","Arthur","John Arthur","The Gear Store"
29524,"Mr.","Chris","Ashton","Chris Ashton","Immense Manufacturing Company"
29525,"Ms.","Teresa","Atkinson","Teresa Atkinson","Extended Bike Sales"
29527,"Mr.","Robert","Avalos","Robert Avalos","Workout Emporium"
29528,"Mr.","Stephen","Ayers","Stephen Ayers","Work and Play Association"
29530,"Mr.","Daniel","Blanco","Daniel Blanco","Nice Bikes"
29531,"Mr.","Cory","Booth","Cory Booth","Remarkable Bike Store"
29532,"Mr.","James","Bailey","James Bailey","Road-Way Mart"
29533,"Mr.","Douglas","Baldwin","Douglas Baldwin","Small Cycle Store"
29535,"Mr.","Wayne","Banack","Wayne Banack","Grand Bicycle Stores"
29536,"Mr.","Robert","Barker","Robert Barker","Kickstand Sellers"
29539,"Mr.","Josh","Barnhill","Josh Barnhill","Gasless Cycle Shop"
29541,"NULL","Gytis","Barzdukas","Gytis Barzdukas","Transportation Options"
29544,"Mr.","Shaun","Beasley","Shaun Beasley","Finer Cycle Shop"
29545,"Mr.","John","Beaver","John Beaver","Center Cycle Shop"
29546,"Mr.","Christopher","Beck","Christopher Beck","Bulk Discount Store"
29548,"Ms.","Ann","Beebe","Ann Beebe","First-Rate Outlet"
29550,"Mr.","Stanley","Alan","Stanley Alan","Another Bicycle Company"
29553,"Ms.","Edna","Benson","Edna Benson","Unsurpassed Bikes"
29554,"Mr.","Payton","Benson","Payton Benson","Field Trip Inc"
29557,"Mr.","Alexander","Berger","Alexander Berger","Odometers and Accessories Company"
29558,"Mr.","John","Berger","John Berger","Scratch-Resistant Finishes Company"
29559,"Mr.","Robert","Bernacchi","Robert Bernacchi","Safe Cycles Shop"
29560,"Mr.","Matthias","Berndt","Matthias Berndt","Number 1 Supply"
29562,"Mr.","Steven","Brown","Steven Brown","Golf and Cycle Store"
29565,"Mr.","Jimmy","Bischoff","Jimmy Bischoff","World Bike Discount Store"
29566,"Ms.","Mae","Black","Mae Black","Historic Bicycle Sales"
29567,"Ms.","Jackie","Blackwell","Jackie Blackwell","Commuter Bicycle Store"
29568,"Mr.","Donald","Blanton","Donald Blanton","Coalition Bike Company"
29569,"Ms.","Linda","Burnett","Linda Burnett","Travel Systems"
29570,"Mr.","Michael","Blythe","Michael Blythe","Grease and Oil Products Company"
29571,"Ms.","Gabriel","Bockenkamp","Gabriel Bockenkamp","Moderately-Priced Bikes Store"
29573,"Sr.","Luis","Bonifaz","Luis Bonifaz","Economy Bikes Company"
29574,"Mr.","Randall","Boseman","Randall Boseman","Third Bike Store"
29576,"Mr.","Eli","Bowen","Eli Bowen","Bikes for Two"
29577,"Mr.","Lester","Bowman","Lester Bowman","Metal Processing Company"
29579,"Mr.","Cornelius","Brandon","Cornelius Brandon","Initial Bike Company"
29580,"Mr.","Richard","Bready","Richard Bready","Latest Sports Equipment"
29582,"Mr.","Ted","Bremer","Ted Bremer","Raw Materials Inc"
29583,"Mr.","Alan","Brewer","Alan Brewer","Lots of Bikes Storehouse"
29584,"Mr.","Walter","Brian","Walter Brian","Futuristic Bikes"
29585,"Mr.","Christopher","Bright","Christopher Bright","Parcel Express Delivery Service"
29587,"Mr.","John","Brooks","John Brooks","Prosperous Tours"
29588,"Mr.","Willie","Brooks","Willie Brooks","Nonskid Tire Company"
29590,"Mr.","Jo","Brown","Jo Brown","Metro Bike Works"
29591,"Mr.","Robert","Brown","Robert Brown","Best o' Bikes"
29593,"Ms.","Mary","Browning","Mary Browning","Client Discount Store"
29596,"Mr.","Eric","Brumfield","Eric Brumfield","Requisite Part Supply"
29598,"Mr.","Michael","Brundage","Michael Brundage","Mechanical Products Ltd."
29599,"Ms.","Shirley","Bruner","Shirley Bruner","Commendable Bikes"
29600,"Ms.","June","Brunner","June Brunner","Online Bike Sellers"
29601,"Mr.","Dirk","Bruno","Dirk Bruno","Custom Accessories Company"
29603,"Sra.","Janaina Barreiro Gambaro","Bueno","Janaina Barreiro Gambaro Bueno","Courteous Bicycle Specialists"
29605,"Ms.","Megan","Burke","Megan Burke","Professional Cycle Store"
29606,"Ms.","Karren","Burkhardt","Karren Burkhardt","Fifth Bike Store"
29608,"Mr.","Timothy","Burnett","Timothy Burnett","Farthest Bike Store"
29611,"Mr.","Jared","Bustamante","Jared Bustamante","Alternative Vehicles"
29612,"Mr.","Richard","Byham","Richard Byham","Channel Outlet"
29614,"Mr.","Ryan","Calafato","Ryan Calafato","Retail Mall"
29615,"Ms.","Mari","Caldwell","Mari Caldwell","Metro Metals Co."
29616,"Ms.","Barbara","Calone","Barbara Calone","Sheet Metal Manufacturing"
29617,"Ms.","Lindsey","Camacho","Lindsey Camacho","Thorough Parts and Repair Services"
29618,"Sr.","Gustavo","Camargo","Gustavo Camargo","Uttermost Bike Shop"
29620,"Ms.","Joan","Campbell","Joan Campbell","Two-Wheeled Transit Company"
29622,"Mr.","Henry","Campen","Henry Campen","Metro Cycle Shop"
29623,"Mr.","Chris","Cannon","Chris Cannon","Outdoor Sporting Goods"
29625,"Ms.","Suzana De Abreu","Canuto","Suzana De Abreu Canuto","Petroleum Products Distributors"
29627,"Mr.","Johnny","Caprio","Johnny Caprio","Bikes and Motorbikes"
29629,"Mr.","Carlton","Carlisle","Carlton Carlisle","Camping and Sports Store"
29631,"Ms.","Jane","Carmichael","Jane Carmichael","Rural Department Store"
29632,"Ms.","Jovita","Carmody","Jovita Carmody","Sports Commodities"
29635,"Mr.","Rob","Caron","Rob Caron","Responsible Bike Dealers"
29636,"Mr.","Andy","Carothers","Andy Carothers","Western Bike Supplies"
29637,"Ms.","Donna","Carreras","Donna Carreras","Advanced Bike Components"
29638,"Ms.","Rosmarie","Carroll","Rosmarie Carroll","Aerobic Exercise Company"
29639,"Mr.","Joseph","Castellucio","Joseph Castellucio","Corner Bicycle Supply"
29641,"Mr.","Raul","Casts","Raul Casts","Westside Plaza"
29643,"Mr.","Matthew","Cavallari","Matthew Cavallari","Outstanding Cycles"
29644,"Ms.","Brigid","Cavendish","Brigid Cavendish","Vigorous Sports Store"
29645,"Mr.","Andrew","Cencini","Andrew Cencini","Sports Merchandise"
29646,"Ms.","Stacey","Cereghino","Stacey Cereghino","Fitness Toy Store"
29649,"Mr.","Pat","Chambers","Pat Chambers","General Cycle Storehouse"
29650,"Mr.","Forrest","Chandler","Forrest Chandler","Fitness Cycling"
29651,"Mr.","Lee","Chapla","Lee Chapla","Good Bike Shop"
29653,"Mr.","Pei","Chow","Pei Chow","Thrilling Bike Tours"
29654,"Mr.","Yao-Qiang","Cheng","Yao-Qiang Cheng","This Area Sporting Goods"
29655,"Ms.","Nicky","Chesnut","Nicky Chesnut","Full-Service Bike Store"
29659,"Ms.","Ruth","Choin","Ruth Choin","Genuine Bike Shop"
29660,"Mr.","Anthony","Chor","Anthony Chor","Extreme Riding Supplies"
29662,"Ms.","Jill","Christie","Jill Christie","Fleet Bikes"
29663,"Ms.","Alice","Clark","Alice Clark","Local Hardware Factory"
29666,"Ms.","Jane","Clayton","Jane Clayton","South Bike Company"
29668,"Ms.","Connie","Coffman","Connie Coffman","Discount Bicycle Specialists"
29671,"Mr.","Pat","Coleman","Pat Coleman","Machines & Cycles Store"
29673,"Mr.","John","Colon","John Colon","Two Wheels Cycle Store"
29674,"Mr.","Scott","Colvin","Scott Colvin","Westside Cycle Store"
29677,"Mr.","William","Conner","William Conner","Urban Sports Emporium"
29680,"Ms.","Dorothy","Contreras","Dorothy Contreras","Sixth Bike Store"
29682,"Mr.","Scott","Cooper","Scott Cooper","Vehicle Shop"
29683,"Ms.","Eva","Corets","Eva Corets","First Department Stores"
29684,"Mr.","Marlin","Coriell","Marlin Coriell","Grand Sport Boutique"
29686,"Mr.","Jack","Creasey","Jack Creasey","Distinctive Store"
29688,"Mr.","Grant","Culbertson","Grant Culbertson","Handy Bike Services"
29689,"Mr.","Scott","Culp","Scott Culp","Friendly Bike Shop"
29690,"Mr.","Conor","Cunningham","Conor Cunningham","Fashionable Bikes and Accessories"
29692,"Mr.","Thierry","D'Hers","Thierry D'Hers","Citywide Service and Repair"
29695,"Ms.","Megan","Davis","Megan Davis","Rugged Bikes"
29696,"Sr.","Alvaro","De Matos Miranda Filho","Alvaro De Matos Miranda Filho","Principal Bike Company"
29698,"Mr.","Jacob","Dean","Jacob Dean","Finer Riding Supplies"
29699,"Mr.","Alexander","Deborde","Alexander Deborde","Neighborhood Store"
29702,"Ms.","Aidan","Delaney","Aidan Delaney","Paint Supply"
29703,"Mr.","Stefan","Delmarco","Stefan Delmarco","Preferred Bikes"
29705,"Ms.","Della","Demott Jr","Della Demott Jr","Rewarding Activities Company"
29708,"Mr.","Prashanth","Desai","Prashanth Desai","Stationary Bikes and Stands"
29709,"Ms.","Bev","Desalvo","Bev Desalvo","Successful Sales Company"
29710,"Ms.","Brenda","Diaz","Brenda Diaz","Downtown Hotel"
29711,"Ms.","Gabriele","Dickmann","Gabriele Dickmann","Certified Sports Supply"
29713,"Mr.","Dick","Dievendorff","Dick Dievendorff","Rampart Amusement Company"
29714,"Mr.","Rudolph","Dillon","Rudolph Dillon","Sundry Sporting Goods"
29716,"Mr.","Blaine","Dockter","Blaine Dockter","Farthermost Bike Shop"
29717,"Ms.","Cindy","Dodd","Cindy Dodd","Suburban Cycle Shop"
29719,"Ms.","Patricia","Doyle","Patricia Doyle","Racing Bike Outlet"
29720,"Mr.","Gerald","Drury","Gerald Drury","Utilitarian Sporting Goods"
29722,"Mr.","Reuben","D'sa","Reuben D'sa","Vigorous Exercise Company"
29727,"Mr.","Bart","Duncan","Bart Duncan","Stock Parts and Supplies"
29728,"Mr.","Maciej","Dusza","Maciej Dusza","Roadway Supplies"
29730,"Ms.","Linda","Ecoffey","Linda Ecoffey","Future Bikes"
29732,"Ms.","Carol","Elliott","Carol Elliott","Satin Finish Company"
29733,"Ms.","Shannon","Elliott","Shannon Elliott","Regional Manufacturing"
29734,"Ms.","Jauna","Elson","Jauna Elson","Original Bicycle Supply Company"
29736,"Mr.","Terry","Eminhizer","Terry Eminhizer","Action Bicycle Specialists"
29737,"Mr.","John","Emory","John Emory","Roadway Bike Emporium"
29738,"Ms.","Gail","Erickson","Gail Erickson","Sleek Bikes "
29739,"Mr.","Mark","Erickson","Mark Erickson","Retail Sporting Equipment"
29740,"Ms.","Martha","Espinoza","Martha Espinoza","Price-Cutter Discount Bikes"
29741,"Sra.","Janeth","Esteves","Janeth Esteves","Central Bicycle Specialists"
29742,"Ms.","Twanna","Evans","Twanna Evans","Vast Bike Sales and Rental"
29743,"Ms.","Ann","Evans","Ann Evans","Summer Sports Place"
29744,"Mr.","John","Evans","John Evans","Real Sporting Goods"
29747,"Ms.","Carolyn","Farino","Carolyn Farino","The Bike Shop"
29748,"Ms.","Geri","Farrell","Geri Farrell","Safe Toys"
29750,"Ms.","Rhoda","Finley","Rhoda Finley","Our Sporting Goods Store"
29753,"Ms.","Kathie","Flood","Kathie Flood","Coho Sports"
29755,"Ms.","Kelly","Focht","Kelly Focht","Quick Delivery Service"
29757,"Mr.","Garth","Fort","Garth Fort","Basic Sports Equipment"
29758,"Ms.","Dorothy","Fox","Dorothy Fox","Cash & Carry Bikes"
29761,"Ms.","Susan","French","Susan French","General Bike Corporation"
29763,"Mr.","Mihail","Frintu","Mihail Frintu","Retail Cycle Shop"
29764,"Mr.","John","Ford","John Ford","Social Activities Club"
29765,"Mr.","Paul","Fulton","Paul Fulton","Blue Bicycle Company"
29766,"Mr.","Bob","Gage","Bob Gage","General Riding Supplies"
29768,"Mr.","Michael","Galos","Michael Galos","Riding Excursions"
29769,"Mr.","Jon","Ganio","Jon Ganio","Unique Bikes"
29770,"Ms.","Kathleen","Garza","Kathleen Garza","Rural Cycle Emporium"
29771,"Mr.","Dominic","Gash","Dominic Gash","Associated Bikes"
29772,"Ms.","Janet","Gates","Janet Gates","Modular Cycle Systems"
29773,"Mr.","Orlando","Gee","Orlando Gee","A Bike Store"
29774,"Mr.","Darren","Gehring","Darren Gehring","Journey Sporting Goods"
29775,"Mr.","Jim","Geist","Jim Geist","Two Bike Shops"
29776,"Ms.","Barbara","German","Barbara German","Cycles Wholesaler & Mfg."
29778,"Mr.","Leo","Giakoumakis","Leo Giakoumakis","Number One Bike Co."
29780,"Mr.","Frances","Giglio","Frances Giglio","Standard Bikes"
29781,"Mr.","Guy","Gilbert","Guy Gilbert","The Bicycle Accessories Company"
29782,"Ms.","Janet","Gilliat","Janet Gilliat","Active Systems"
29783,"Ms.","Mary","Gimmi","Mary Gimmi","Futuristic Sport Distributors"
29784,"Ms.","Jeanie","Glenn","Jeanie Glenn","Big-Time Bike Store"
29785,"Ms.","Diane","Glimp","Diane Glimp","The Showroom"
29787,"Mr.","Scott","Gode","Scott Gode","Year-Round Sports"
29788,"Mr.","Mete","Goktepe","Mete Goktepe","The New Bike Store"
29789,"Mr.","Brian","Goldstein","Brian Goldstein","Primary Bike Distributors"
29792,"Ms.","Abigail","Gonzalez","Abigail Gonzalez","Genial Bike Associates"
29793,"Mr.","Michael","Graff","Michael Graff","Commercial Sporting Goods"
29794,"Mr.","Derek","Graham","Derek Graham","Wholesale Parts"
29796,"Mr.","Jon","Grande","Jon Grande","Riding Cycles"
29797,"Ms.","Jane","Greer","Jane Greer","Metro Manufacturing"
29799,"Mr.","Douglas","Groncki","Douglas Groncki","Locks Company"
29800,"Mr.","Brian","Groth","Brian Groth","Latest Accessories Sales"
29803,"Ms.","Hattie","Haemon","Hattie Haemon","Greater Bike Store"
29805,"Ms.","Erin","Hagens","Erin Hagens","Distant Inn"
29806,"Ms.","Betty","Haines","Betty Haines","Finer Mart"
29807,"Mr.","Bryan","Hamilton","Bryan Hamilton","Cross-Country Riding Supplies"
29809,"Mr.","Kerim","Hanif","Kerim Hanif","Bike World"
29810,"Ms.","Jean","Handley","Jean Handley","Central Discount Store"
29813,"Ms.","Katherine","Harding","Katherine Harding","Sharp Bikes"
29815,"Mr.","Lucy","Harrington","Lucy Harrington","Metropolitan Sports Supply"
29816,"Mr.","Keith","Harris","Keith Harris","Progressive Sports"
29818,"Mr.","Roger","Harui","Roger Harui","Brakes and Gears"
29819,"Ms.","Ann","Hass","Ann Hass","The Accessories Store"
29822,"Mr.","James","Haugh","James Haugh","Family Cycle Store"
29824,"Ms.","Brenda","Heaney","Brenda Heaney","Superb Sales and Repair"
29826,"Mr.","John","Hanson","John Hanson","Countryside Company"
29827,"Ms.","Valerie","Hendricks","Valerie Hendricks","First Bike Store"
29830,"Mr.","Kari","Hensien","Kari Hensien","General Department Stores"
29831,"Ms.","Irene","Hernandez","Irene Hernandez","Operational Manufacturing"
29832,"Mr.","Jesus","Hernandez","Jesus Hernandez","Online Bike Warehouse"
29834,"Ms.","Cheryl","Herring","Cheryl Herring","Small Bike Shop"
29835,"Mr.","Ronald","Heymsfield","Ronald Heymsfield","Superior Hardware Distributors"
29840,"Mr.","Andrew","Hill","Andrew Hill","Eastside Parts Shop"
29842,"Mr.","Mike","Hines","Mike Hines","First Cycle Store"
29843,"Mr.","Matthew","Hink","Matthew Hink","Running and Cycling Gear"
29847,"Mr.","David","Hodgson","David Hodgson","Good Toys"
29848,"Ms.","Helge","Hoeing","Helge Hoeing","Little Bicycle Supply Shop"
29850,"Mr.","Bob","Hodges","Bob Hodges","All Seasons Sports Supply"
29851,"Ms.","Jean","Holloway","Jean Holloway","Leisure Clearing House"
29852,"Mr.","Eddie","Holmes","Eddie Holmes","The Commissary"
29853,"Ms.","Juanita","Holman","Juanita Holman","Affordable Sports Equipment"
29854,"Mr.","Peter","Houston","Peter Houston","Local Sales and Rental"
29855,"Mr.","Curtis","Howard","Curtis Howard","Economy Center"
29857,"Ms.","Janice","Hows","Janice Hows","Area Sheet Metal Supply"
29858,"Mr.","George","Huckaby","George Huckaby","Synthetic Materials Manufacturing"
29859,"Mr.","Joshua","Huff","Joshua Huff","Rural Sales and Service"
29860,"Ms.","Arlene","Huff","Arlene Huff","Tubeless Tire Company"
29861,"Ms.","Phyllis","Huntsman","Phyllis Huntsman","Hardware Components"
29862,"Mr.","Lawrence","Hurkett","Lawrence Hurkett","Retail Sporting Goods"
29863,"Mr.","Ryan","Ihrig","Ryan Ihrig","Efficient Cycling"
29864,"Ms.","Beth","Inghram","Beth Inghram","General Industries"
29865,"Mr.","Lucio","Iallo","Lucio Iallo","Highway Bike Shop"
29866,"Mr.","Richard","Irwin","Richard Irwin","Rental Bikes"
29867,"Mr.","Erik","Ismert","Erik Ismert","Roving Sports"
29868,"Ms.","Denean","Ison","Denean Ison","Express Bike Services"
29870,"Mr.","Bronson","Jacobs","Bronson Jacobs","Retail Discount Store"
29871,"Mr.","Eric","Jacobsen","Eric Jacobsen","Vale Riding Supplies"
29872,"Ms.","Jodan","Jacobson","Jodan Jacobson","A Great Bicycle Company"
29873,"Ms.","Mary","Alexander","Mary Alexander","Certified Bicycle Supply"
29874,"Mr.","David","Jaffe","David Jaffe","Exceptional Cycle Services"
29876,"Ms.","Vance","Johns","Vance Johns","Leisure Activities"
29877,"Ms.","Joyce","Jarvis","Joyce Jarvis","Paints and Solvents Company"
29879,"Mr.","Stephen","Jiang","Stephen Jiang","Bikes for Kids and Adults"
29881,"Ms.","Danielle","Johnson","Danielle Johnson","Home Town Bike Store"
29883,"Mr.","Barry","Johnson","Barry Johnson","Sample Bike Store"
29884,"Mr.","Brian","Johnson","Brian Johnson","Extras Sporting Goods"
29885,"Mr.","David","Johnson","David Johnson","Sure & Reliable Sporting Goods"
29889,"Ms.","Jean","Jordan","Jean Jordan","Separate Parts Corporation"
29890,"Ms.","Peggy","Justice","Peggy Justice","Basic Bike Company"
29891,"Ms.","Diane","Krane","Diane Krane","Fabrikam Inc., West"
29892,"Ms.","Sandra","Kitt","Sandra Kitt","Non-Slip Pedal Company"
29893,"Mr.","Sandeep","Kaliyath","Sandeep Kaliyath","Weekend Bike Tours"
29895,"Ms.","Lori","Kane","Lori Kane","General Supplies"
29897,"Ms.","Kay","Krane","Kay Krane","Racing Toys"
29898,"Mr.","Sandeep","Katyal","Sandeep Katyal","Capable Sales and Service"
29900,"Mr.","Victor","Kelley","Victor Kelley","Road Way Sales and Rental"
29901,"Mr.","John","Kelly","John Kelly","Sturdy Toys"
29902,"Mr.","Robert","Kelly","Robert Kelly","Beneficial Exercises and Activities"
29903,"Mr.","Kevin","Kennedy","Kevin Kennedy","Fad Outlet"
29904,"Ms.","Mary","Kesslep","Mary Kesslep","Commerce Bicycle Specialists"
29905,"Ms.","Elizabeth","Keyser","Elizabeth Keyser","Acceptable Sales & Service"
29906,"Mr.","Imtiaz","Khan","Imtiaz Khan","District Mall"
29907,"Ms.","Karan","Khanna","Karan Khanna","Fitness Supplies"
29908,"Mr.","Joe","Kim","Joe Kim","Mail Market"
29910,"Mr.","Shane","Kim","Shane Kim","Twelfth Bike Store"
29911,"Mr.","Tim","Kim","Tim Kim","Consolidated Messenger"
29913,"Mr.","Anton","Kirilov","Anton Kirilov","Field Trip Store"
29914,"Mr.","Christian","Kleinerman","Christian Kleinerman","Finish and Sealant Products"
29915,"Mr.","Andrew","Kobylinski","Andrew Kobylinski","Finer Parts Shop"
29918,"Mr.","Kirk","King","Kirk King","Up-To-Date Sports"
29919,"Mr.","Eugene","Kogan","Eugene Kogan","Mountain Bike Center"
29920,"Mr.","Scott","Konersmann","Scott Konersmann","Specialty Sports Store"
29921,"Ms.","Joy","Koski","Joy Koski","Scooters and Bikes Store"
29922,"Ms.","Pamala","Kotc","Pamala Kotc","Closest Bicycle Store"
29924,"Mr.","Mitch","Kennedy","Mitch Kennedy","Reasonable Bicycle Sales"
29925,"Ms.","Margaret","Krupka","Margaret Krupka","Outdoor Sports Supply"
29926,"Mr.","Deepak","Kumar","Deepak Kumar","Outdoor Aerobic Systems Company"
29928,"Mr.","Vamsi","Kuppa","Vamsi Kuppa","Metal Clearing House"
29929,"Mr.","Jeffrey","Kurtz","Jeffrey Kurtz","Many Bikes Store"
29930,"Mr.","Peter","Kurniawan","Peter Kurniawan","Largest Bike Store"
29931,"Mr.","Eric","Lang","Eric Lang","Kickstands and Accessories Company"
29932,"Ms.","Rebecca","Laszlo","Rebecca Laszlo","Instruments and Parts Company"
29934,"Mr.","David","Lawrence","David Lawrence","Gear-Shift Bikes Limited"
29935,"Ms.","Elsa","Leavitt","Elsa Leavitt","Frugal Bike Shop"
29936,"Mr.","Michael","Lee","Michael Lee","Family Entertainment Center"
29937,"Ms.","Marjorie","Lee","Marjorie Lee","Go-cart and Bike Specialists"
29938,"Mr.","Frank","Campbell","Frank Campbell","Trailblazing Sports"
29939,"Mr.","Mark","Lee","Mark Lee","Racing Partners"
29941,"Ms.","Jolie","Lenehan","Jolie Lenehan","Exhibition Showroom"
29942,"Mr.","Roger","Lengel","Roger Lengel","Authorized Bike Sales and Rental"
29943,"NULL","A.","Leonetti","A. Leonetti","Two-Seater Bikes"
29944,"Ms.","Bonnie","Lepro","Bonnie Lepro","More Bikes!"
29946,"Ms.","Linda","Leste","Linda Leste","National Manufacturing"
29948,"Ms.","Elsie","Lewin","Elsie Lewin","Town Industries"
29949,"Mr.","George","Li","George Li","Security Racks and Locks Wholesalers"
29950,"Mr.","Yale","Li","Yale Li","Rapid Bikes"
29952,"Ms.","Yuhong","Li","Yuhong Li","Nearby Sporting Goods"
29953,"Mr.","Joseph","Lique","Joseph Lique","Front Sporting Goods"
29954,"Mr.","Paulo","Lisboa","Paulo Lisboa","Elite Bikes"
29955,"Mr.","David","Liu","David Liu","Catalog Store"
29956,"NULL","Jinghao","Liu","Jinghao Liu","Chic Department Stores"
29957,"Mr.","Kevin","Liu","Kevin Liu","Eastside Department Store"
29959,"Mr.","Todd","Logan","Todd Logan","Cycle Merchants"
29962,"Ms.","Sharon","Looney","Sharon Looney","Fitness Hotel"
29964,"Ms.","Anita","Lucerne","Anita Lucerne","Grand Industries"
29967,"Ms.","Judy","Lundahl","Judy Lundahl","Leading Sales & Repair"
29969,"Mr.","Robert","Lyeba","Robert Lyeba","Tandem Sales and Service"
29971,"Mr.","Robert","Lyon","Robert Lyon","Reliable Retail Center"
29973,"Ms.","Denise","Maccietto","Denise Maccietto","Friendly Bike Shop"
29974,"Mr.","Scott","MacDonald","Scott MacDonald","Yellow Bicycle Company"
29975,"Mr.","Walter","Mays","Walter Mays","Sports Products Store"
29978,"Mr.","Ajay","Manchepalli","Ajay Manchepalli","Shipping Specialists"
29980,"Mr.","Tomas","Manzanares","Tomas Manzanares","Authentic Sales and Service"
29981,"Ms.","Kathy","Marcovecchio","Kathy Marcovecchio","Official Parts Shop"
29982,"Ms.","Melissa","Marple","Melissa Marple","Discount Tours"
29983,"Ms.","Cecelia","Marshall","Cecelia Marshall","Tire Exchange"
29985,"Ms.","Linda","Martin","Linda Martin","Oils and Fluids Warehouse"
29987,"Mr.","Frank","Martinez","Frank Martinez","Rally Master Company Inc"
29988,"Mr.","Steve","Masters","Steve Masters","Professional Cyclists"
29990,"Ms.","Jennifer","Maxham","Jennifer Maxham","Exclusive Bicycle Mart"
29991,"Mr.","Chris","Maxwell","Chris Maxwell","City Manufacturing"
29992,"Ms.","Sandra","Maynard","Sandra Maynard","Bike Dealers Association"
29994,"Ms.","Robin","McGuigan","Robin McGuigan","Health Spa, Limited"
29997,"Ms.","Lola","McCarthy","Lola McCarthy","Closeout Boutique"
29998,"Ms.","Jane","McCarty","Jane McCarty","Bicycle Merchandise Warehouse"
30000,"Mr.","James","McCoy","James McCoy","Leather Seat Factory"
30003,"Ms.","Yvonne","McKay","Yvonne McKay","Practical Bike Supply Company"
30004,"Ms.","Nkenge","McLin","Nkenge McLin","Some Discount Store"
30005,"Ms.","Nancy","McPhearson","Nancy McPhearson","Variety Cycling"
30007,"Ms.","Raquel","Mello","Raquel Mello","Remote Bicycle Specialists"
30008,"Mr.","R. Morgan","Mendoza","R. Morgan Mendoza","Friendly Neighborhood Bikes"
30010,"Mr.","Stephen","Mew","Stephen Mew","Recommended Bicycles"
30012,"Ms.","Helen","Meyer","Helen Meyer","Alpine Ski House"
30016,"Mr.","Thomas","Michaels","Thomas Michaels","Seats and Saddles Company"
30018,"Ms.","Virginia","Miller","Virginia Miller","All Cycle Shop"
30019,"Mr.","Matthew","Miller","Matthew Miller","Tachometers and Accessories"
30021,"Mr.","Ben","Miller","Ben Miller","Low Price Cycles"
30022,"Mr.","Dylan","Miller","Dylan Miller","Metropolitan Manufacturing"
30023,"Mr.","Frank","Miller","Frank Miller","Orange Bicycle Company"
30024,"Ms.","Neva","Mitchell","Neva Mitchell","Riding Associates"
30025,"Ms.","Linda","Mitchell","Linda Mitchell","Essential Bike Works"
30027,"Mr.","Joseph","Mitzner","Joseph Mitzner","Engineered Bike Systems"
30028,"Ms.","Laura","Steele","Laura Steele","Professional Containers and Packaging Co."
30029,"Ms.","Shanay","Steelman","Shanay Steelman","One Bike Company"
30030,"Mr.","Stefano","Stefani","Stefano Stefani","Cycling Goods"
30031,"Mr.","Alan","Steiner","Alan Steiner","Cycle Clearance"
30032,"Mr.","Derik","Stenerson","Derik Stenerson","Black Bicycle Company"
30033,"Mr.","Vassar","Stern","Vassar Stern","Transport Bikes"
30034,"Ms.","Wathalee","Steuber","Wathalee Steuber","Sellers of Cycles"
30035,"Ms.","Alice","Steiner","Alice Steiner","Maintenance and Repair for Bicycles"
30036,"Ms.","Liza Marie","Stevens","Liza Marie Stevens","Fitness Department Stores"
30037,"Mr.","Jim","Stewart","Jim Stewart","Famous Bike Shop"
30039,"Mr.","Robert","Stotka","Robert Stotka","Gift and Toy Store"
30040,"Ms.","Kayla","Stotler","Kayla Stotler","Major Sporting Goods"
30042,"Ms.","Ruby Sue","Styles","Ruby Sue Styles","Major Cycling"
30044,"Mr.","Gary","Suess","Gary Suess","Downhill Bicycle Specialists"
30045,"Ms.","Ruth","Suffin","Ruth Suffin","Bike Experts"
30046,"Ms.","Elizabeth","Sullivan","Elizabeth Sullivan","Extraordinary Bike Works"
30047,"Mr.","Michael","Sullivan","Michael Sullivan","Valley Bicycle Distributors"
30048,"Ms.","Marcia","Sultan","Marcia Sultan","Top Sports Supply"
30050,"Mr.","Krishna","Sunkammurali","Krishna Sunkammurali","Metropolitan Bicycle Supply"
30051,"Mr.","Brad","Sutton","Brad Sutton","Honest Repair Service"
30052,"Mr.","Abraham","Swearengin","Abraham Swearengin","Wheel Gallery"
30053,"Ms.","Katherine","Swan","Katherine Swan","Top Bike Market"
30055,"Ms.","Julie","Taft-Rider","Julie Taft-Rider","Bicycle Lines Distributors"
30056,"Mr.","Clarence","Tatman","Clarence Tatman","Sparkling Paint and Finishes"
30058,"Mr.","Mike","Taylor","Mike Taylor","Plastic Parts Company"
30061,"Mr.","Chad","Tedford","Chad Tedford","Big Cycle Mall"
30063,"Ms.","Vanessa","Tench","Vanessa Tench","Eighth Bike Store"
30064,"Ms.","Judy","Thames","Judy Thames","Demand Distributors"
30067,"Ms.","Phyllis","Thomas","Phyllis Thomas","Red Bicycle Company"
30069,"Mr.","Donald","Thompson","Donald Thompson","Trendy Department Stores"
30070,"Ms.","Kendra","Thompson","Kendra Thompson","Vintage Sport Boutique"
30071,"Mr.","Daniel","Thompson","Daniel Thompson","Travel Sports"
30072,"Ms.","Andrea","Thomsen","Andrea Thomsen","West Side Mart"
30074,"Ms.","Yuping","Tian","Yuping Tian","Tenth Bike Store"
30076,"Ms.","Diane","Tibbott","Diane Tibbott","Fun Times Club"
30080,"Ms.","Delia","Toone","Delia Toone","Wingtip Toys"
30083,"Mr.","Glenn","Track","Glenn Track","Active Life Toys"
30087,"Mr.","Billy","Trent","Billy Trent","Quick Parts and Service"
30089,"Mr.","Michael John","Troyer","Michael John Troyer","Thrifty Parts and Sales"
30090,"Ms.","Christie","Trujillo","Christie Trujillo","A Typical Bike Shop"
30093,"Ms.","Phyllis","Tuffield","Phyllis Tuffield","Fasteners & Bolts Outlet"
30094,"Mr.","Sairaj","Uddin","Sairaj Uddin","Quantity Discounts"
30095,"Mr.","Sunil","Uppal","Sunil Uppal","Swift Cycles"
30098,"Ms.","Esther","Valle","Esther Valle","Large Bike Shop"
30100,"Mr.","Jessie","Valerio","Jessie Valerio","Wire Baskets and Parts"
30102,"Mr.","Roger","Van Houten","Roger Van Houten","Sports Store"
30104,"Ms.","Rose","Vandenouer","Rose Vandenouer","Extended Tours"
30105,"Mr.","Gregory","Vanderbout","Gregory Vanderbout","Convenient Sales and Service"
30106,"Mr.","Michael","Vanderhyde","Michael Vanderhyde","Solid Bike Parts"
30107,"Ms.","Margaret","Vanderkamp","Margaret Vanderkamp","Permanent Finish Products"
30108,"Ms.","Kara","Vanderlinden","Kara Vanderlinden","Mercantile Outlet"
30109,"Mr.","Nieves","Vargas","Nieves Vargas","Exhilarating Cycles"
30110,"Mr.","Gary","Vargas","Gary Vargas","Exercise Center"
30111,"Mr.","Ranjit","Varkey Chudukatil","Ranjit Varkey Chudukatil","Great Bicycle Supply"
30112,"Ms.","Patricia","Vasquez","Patricia Vasquez","Mail-Order Outlet"
30113,"Mr.","Raja","Venugopal","Raja Venugopal","Nearby Cycle Shop"
30115,"Ms.","Dora","Verdad","Dora Verdad","Retreat Inn"
30116,"Ms.","Wanda","Vernon","Wanda Vernon","Technical Parts Manufacturing"
30117,"Mr.","Robert","Vessa","Robert Vessa","Totes & Baskets Company"
30118,"Ms.","Caroline","Vicknair","Caroline Vicknair","World of Bikes"
